Campaign Name,Day,Impressions,Clicks,Cost,加入購物車,聯絡人,註冊,購買,開始結帳,加入購物車 value,聯絡人 value,註冊 value,購買 value,開始結帳 value
google_ads_cpc_gsm_sp_dom_ot_2026_Sep_ccf_brand,2026-09-22,180,15,201.440000,0,1,3.5,1,1,0,300,350,2000,500
google_ads_cpc_gsm_sp_dom_ot_2026_Sep_ccf_brand,2026-09-23,350,28,423.730000,2,1,2.5,0,1,200,300,250,0,500
google_ads_cpc_gsm_sp_dom_ot_2026_Sep_ccf_brand,2026-09-24,276,23,327.010000,2,1,5,1,2,200,300,500,2000,1000
google_ads_cpc_gsm_sp_dom_ot_2026_Sep_ccf_brand,2026-09-25,92,12,190.440000,0,0,3,1,0,0,0,300,2000,0
google_ads_cpc_gsm_sp_dom_ot_2026_Sep_ccf_brand,2026-09-26,53,4,34.100000,0,0,1,0,0,0,0,100,0,0
google_ads_cpc_gsm_sp_dom_ot_2026_Sep_ccf_brand,2026-09-27,60,8,127.680000,0,0,1,1,1,0,0,100,2000,500
google_ads_cpc_gsm_sp_dom_ot_2026_Sep_ccf_brand,2026-09-28,189,33,600.310000,0,0,2.98823,1,2,0,0,298.823,2000,1000
google_ads_cpc_gsm_sp_dom_ot_2026_Sep_ccf_brand,2026-09-29,446,45,839.570000,2,1,5,2,2,200,300,500,4000,1000
google_ads_cpc_gsm_sp_dom_ot_2026_Sep_ccf_brand,2026-09-30,187,14,243.040000,0,1,2,0,1,0,300,200,0,500
google_ads_cpc_gsm_sp_dom_ot_2026_Sep_ccf_competitor,2026-09-22,189,4,106.240000,0,0,0,0,0,0,0,0,0,0
google_ads_cpc_gsm_sp_dom_ot_2026_Sep_ccf_competitor,2026-09-23,253,5,140.870000,0,0,1,0,0,0,0,100,0,0
google_ads_cpc_gsm_sp_dom_ot_2026_Sep_ccf_competitor,2026-09-24,308,8,246.080402,0,0,1,0,0,0,0,100,0,0
google_ads_cpc_gsm_sp_dom_ot_2026_Sep_ccf_competitor,2026-09-25,712,25,776.620000,3,0,1,0,0,300,0,100,0,0
google_ads_cpc_gsm_sp_dom_ot_2026_Sep_ccf_competitor,2026-09-26,502,12,346.900000,1,1,1,0,0,100,300,100,0,0
google_ads_cpc_gsm_sp_dom_ot_2026_Sep_ccf_competitor,2026-09-27,642,24,759.290000,1,0,2,0,1,100,0,200,0,500
google_ads_cpc_gsm_sp_dom_ot_2026_Sep_ccf_competitor,2026-09-28,867,29,938.360000,3,0,4,0,0,300,0,400,0,0
google_ads_cpc_gsm_sp_dom_ot_2026_Sep_ccf_competitor,2026-09-29,1233,35,1229.140000,2,1,4,4,2,200,300,400,8000,1000
google_ads_cpc_gsm_sp_dom_ot_2026_Sep_ccf_competitor,2026-09-30,131,5,146.070000,0,0,0,0,0,0,0,0,0,0
google_ads_cpc_gsm_sp_dom_ot_2026_Sep_ccf_generic,2026-09-22,84,5,145.190000,1,0,1,0,0,100,0,100,0,0
google_ads_cpc_gsm_sp_dom_ot_2026_Sep_ccf_generic,2026-09-23,808,45,1222.850000,3,5,9,5,2,300,1500,900,10000,1000
google_ads_cpc_gsm_sp_dom_ot_2026_Sep_ccf_generic,2026-09-24,901,32,914.500000,5,4,12,2,4,500,1200,1200,4000,2000
google_ads_cpc_gsm_sp_dom_ot_2026_Sep_ccf_generic,2026-09-25,850,32,827.537278,1,1,4,0,1,100,300,400,0,500
google_ads_cpc_gsm_sp_dom_ot_2026_Sep_ccf_generic,2026-09-26,689,17,450.670000,1,2,5.01177,2,3,100,600,501.177,4000,1500
google_ads_cpc_gsm_sp_dom_ot_2026_Sep_ccf_generic,2026-09-27,587,18,489.290000,2,0,5,1,1,200,0,500,2000,500
google_ads_cpc_gsm_sp_dom_ot_2026_Sep_ccf_generic,2026-09-28,670,15,397.440000,1,0,2,0,0,100,0,200,0,0
google_ads_cpc_gsm_sp_dom_ot_2026_Sep_ccf_generic,2026-09-29,1311,43,1144.920000,2.97582,0,3.9817,0,0,297.582,0,398.17,0,0
google_ads_cpc_gsm_sp_dom_ot_2026_Sep_ccf_generic,2026-09-30,719,27,719.000000,2,0,2,1,1,200,0,200,2000,500
google_ads_cpc_gsm_sp_dom_ot_2026_Sep_ccf_product,2026-09-22,1,0,0.000000,0,0,0,0,0,0,0,0,0,0
google_ads_cpc_gsm_sp_dom_ot_2026_Sep_ccf_product,2026-09-23,2,2,19.320000,0,0,0,0,0,0,0,0,0,0
google_ads_cpc_gsm_sp_dom_ot_2026_Sep_ccf_product,2026-09-24,9,0,0.000000,0,0,0,0,0,0,0,0,0,0
google_ads_cpc_gsm_sp_dom_ot_2026_Sep_ccf_product,2026-09-25,167,6,201.040000,1,1,1,0,1,100,300,100,0,500
google_ads_cpc_gsm_sp_dom_ot_2026_Sep_ccf_product,2026-09-26,198,8,226.970000,0,0,0,0,0,0,0,0,0,0
google_ads_cpc_gsm_sp_dom_ot_2026_Sep_ccf_product,2026-09-27,361,12,412.750000,5,4,5,4,2,500,1200,500,8000,1000
google_ads_cpc_gsm_sp_dom_ot_2026_Sep_ccf_product,2026-09-28,536,27,933.956128,1,2,1,0,0,100,600,100,0,0
google_ads_cpc_gsm_sp_dom_ot_2026_Sep_ccf_product,2026-09-29,568,13,428.660000,0,0,2,1,1,0,0,200,2000,500
google_ads_cpc_gsm_sp_dom_ot_2026_Sep_ccf_product,2026-09-30,332,8,288.560000,1,0,0,0,0,100,0,0,0,0
google_ads_dgc_sp_dom_ot_2026_Sep_ccf_cpa,2026-09-22,34488,331,850.932086,4,1,5,4,4,400,300,500,8000,2000
google_ads_dgc_sp_dom_ot_2026_Sep_ccf_cpa,2026-09-23,76006,614,2219.082050,13,0,11.9988,5,8,1300,0,1199.88,10000,4000
google_ads_dgc_sp_dom_ot_2026_Sep_ccf_cpa,2026-09-24,50077,463,1582.703009,6,2,10,11,12,600,600,1000,22000,6000
google_ads_dgc_sp_dom_ot_2026_Sep_ccf_cpa,2026-09-25,38069,450,1573.045949,11,0,12,4,3,1100,0,1200,8000,1500
google_ads_dgc_sp_dom_ot_2026_Sep_ccf_cpa,2026-09-26,16596,314,1547.136636,1,2,5,2,1,100,600,500,4000,500
google_ads_dgc_sp_dom_ot_2026_Sep_ccf_cpa,2026-09-27,16770,402,1524.045430,2,0,1,0,0,200,0,100,0,0
google_ads_dgc_sp_dom_ot_2026_Sep_ccf_cpa,2026-09-28,12957,288,1471.685568,0,0,0,0,0,0,0,0,0,0
google_ads_dgc_sp_dom_ot_2026_Sep_ccf_cpa,2026-09-29,14730,292,1447.804325,0,0,0,0,0,0,0,0,0,0
google_ads_dgc_sp_dom_ot_2026_Sep_ccf_cpa,2026-09-30,5121,106,550.168647,0,0,0,0,0,0,0,0,0,0
google_ads_pmax_sp_dom_ot_2026_Sep_ccf_cpa,2026-09-22,81359,366,4823.799209,4,2,8,2,2,400,600,800,4000,1000
google_ads_pmax_sp_dom_ot_2026_Sep_ccf_cpa,2026-09-23,49710,566,5350.430940,16.9899,2,19.9569,7,9,1698.99,600,1995.69,14000,4500
google_ads_pmax_sp_dom_ot_2026_Sep_ccf_cpa,2026-09-24,111707,792,5110.682831,19,1,14.9989,1,1,1900,300,1499.89,2000,500
google_ads_pmax_sp_dom_ot_2026_Sep_ccf_cpa,2026-09-25,167834,955,4947.580103,12,0,13,0,0,1200,0,1300,0,0
google_ads_pmax_sp_dom_ot_2026_Sep_ccf_cpa,2026-09-26,119493,917,5065.190345,16,4,20,4,3,1600,1200,2000,8000,1500
google_ads_pmax_sp_dom_ot_2026_Sep_ccf_cpa,2026-09-27,113492,981,5147.888460,15,0,7,0,1,1500,0,700,0,500
google_ads_pmax_sp_dom_ot_2026_Sep_ccf_cpa,2026-09-28,95364,1035,5005.433884,14.0124,2,13.0286,3,2,1401.24,600,1302.86,6000,1000
google_ads_pmax_sp_dom_ot_2026_Sep_ccf_cpa,2026-09-29,54353,904,5052.263575,4.97582,1,3.98823,1.96067,1.97682,497.582,300,398.823,3921.34,988.411
google_ads_pmax_sp_dom_ot_2026_Sep_ccf_cpa,2026-09-30,61966,934,4387.971305,2.98761,0,1.97136,0,0,298.761,0,197.136,0,0
